Resume Index,Actual Category,Recommended Role,Match Score (%)
0,HR,Data Analyst,7.7
1,HR,Web Developer,6.97
2,HR,Web Developer,4.22
3,HR,Data Analyst,1.07
4,HR,Python Developer,3.35
5,HR,Machine Learning Engineer,1.66
6,HR,Web Developer,10.87
7,HR,Machine Learning Engineer,1.94
8,HR,Machine Learning Engineer,3.38
9,HR,Data Analyst,1.66
10,HR,Python Developer,1.18
11,HR,Machine Learning Engineer,3.9
12,HR,Software Engineer,3.13
13,HR,Python Developer,0.6
14,HR,Data Analyst,1.99
15,HR,Python Developer,1.89
16,HR,Data Analyst,4.34
17,HR,Data Analyst,6.06
18,HR,Machine Learning Engineer,0.73
19,HR,Data Analyst,3.01
